﻿<xml xmlns="http://www.w3.org/1999/xhtml" collection="true">
  <block type="procedures_defnoreturn" id=")KTr?]3+jd+.kL[NR/]m">
    <mutation>
      <arg name="__inputListToDetermineMaxAndMin"></arg>
    </mutation>
    <field name="NAME">getLastDigitsMaxAndMinValues</field>
    <comment pinned="false" h="80" w="160">Describe this function...</comment>
    <statement name="STACK">
      <block type="variables_set" id="`h)24-6VGf@[e#sIUKF3">
        <field name="VAR">MaxInTheLastDigitStats</field>
        <value name="VALUE">
          <block type="math_number" id="*U`mXOve!5K6DQ8-)gDS">
            <field name="NUM">0</field>
          </block>
        </value>
        <next>
          <block type="variables_set" id="rK24]*RUjfAX_EesF+Xv">
            <field name="VAR">MinInTheLastDigitStats</field>
            <value name="VALUE">
              <block type="math_number" id="eW-R1o5;,?Az5Ov(U,{@">
                <field name="NUM">1000</field>
              </block>
            </value>
            <next>
              <block type="controls_for" id=":Y|qjQB.b~qkuR#$jPS=">
                <field name="VAR">j</field>
                <value name="FROM">
                  <block type="math_number" id="l(z$Fu8qGU.6P:Rc4q[2">
                    <field name="NUM">0</field>
                  </block>
                </value>
                <value name="TO">
                  <block type="math_number" id="zqDIiZt2k_n(MF|Tj0h|">
                    <field name="NUM">9</field>
                  </block>
                </value>
                <value name="BY">
                  <block type="math_number" id="0,T~Ew.*T@qUS-]$dEXi">
                    <field name="NUM">1</field>
                  </block>
                </value>
                <statement name="DO">
                  <block type="variables_set" id="mtu@qb31*mnbmL1=ukc3">
                    <field name="VAR">__statsElement</field>
                    <value name="VALUE">
                      <block type="lists_getIndex" id="Ln{uY%6vU5I!Q:*p_mlP">
                        <mutation statement="false" at="true"></mutation>
                        <field name="MODE">GET</field>
                        <field name="WHERE">FROM_START</field>
                        <value name="VALUE">
                          <block type="variables_get" id="Rk-E$[xHiA]Eh-7{/FJp">
                            <field name="VAR">__inputListToDetermineMaxAndMin</field>
                          </block>
                        </value>
                        <value name="AT">
                          <block type="variables_get" id="E7UOxO|$Q0%!::U^703@">
                            <field name="VAR">j</field>
                          </block>
                        </value>
                      </block>
                    </value>
                    <next>
                      <block type="controls_if" id="5-EW--~(*fhvE/ejz]1i">
                        <value name="IF0">
                          <block type="logic_compare" id="@gn=da~?}e0?kw0*hAQ8">
                            <field name="OP">LT</field>
                            <value name="A">
                              <block type="variables_get" id="d=|rlW}BNFP6al^7u8fH">
                                <field name="VAR">__statsElement</field>
                              </block>
                            </value>
                            <value name="B">
                              <block type="variables_get" id="nv#|F3zVB8lvUgN,7LpX">
                                <field name="VAR">MinInTheLastDigitStats</field>
                              </block>
                            </value>
                          </block>
                        </value>
                        <statement name="DO0">
                          <block type="variables_set" id=":Wi@Qg{A)?u#4RxdDEa}">
                            <field name="VAR">MinInTheLastDigitStats</field>
                            <value name="VALUE">
                              <block type="variables_get" id="g#Z]7OB6+MRU^@G~PK[[">
                                <field name="VAR">__statsElement</field>
                              </block>
                            </value>
                            <next>
                              <block type="variables_set" id=";jY/yuv-6mD`L?kmWGVT">
                                <field name="VAR">MinStatsIdx</field>
                                <value name="VALUE">
                                  <block type="variables_get" id="VIL3tKqw|~mt_[XY0h(q">
                                    <field name="VAR">j</field>
                                  </block>
                                </value>
                              </block>
                            </next>
                          </block>
                        </statement>
                        <next>
                          <block type="controls_if" id="2DRbU)VSeW:svpu@6_q@">
                            <value name="IF0">
                              <block type="logic_compare" id="hAwvtk}St=;4xX@,gKI`">
                                <field name="OP">GT</field>
                                <value name="A">
                                  <block type="variables_get" id="JoVYBT;S~|DLXcQ2xu{L">
                                    <field name="VAR">__statsElement</field>
                                  </block>
                                </value>
                                <value name="B">
                                  <block type="variables_get" id="3[e@78G:G[+iSw{A:=+Z">
                                    <field name="VAR">MaxInTheLastDigitStats</field>
                                  </block>
                                </value>
                              </block>
                            </value>
                            <statement name="DO0">
                              <block type="variables_set" id="L^(Zb^HB}0hy.OU`2ToC">
                                <field name="VAR">MaxInTheLastDigitStats</field>
                                <value name="VALUE">
                                  <block type="variables_get" id="+L0[QSvN(7~6/HsT.[GS">
                                    <field name="VAR">__statsElement</field>
                                  </block>
                                </value>
                                <next>
                                  <block type="variables_set" id="dxjV.LOfWR,^0:sdA)r2">
                                    <field name="VAR">MaxStatsIdx</field>
                                    <value name="VALUE">
                                      <block type="variables_get" id="+n9BJl3ivcV0nM30Nrk%">
                                        <field name="VAR">j</field>
                                      </block>
                                    </value>
                                  </block>
                                </next>
                              </block>
                            </statement>
                          </block>
                        </next>
                      </block>
                    </next>
                  </block>
                </statement>
              </block>
            </next>
          </block>
        </next>
      </block>
    </statement>
  </block>
</xml>