﻿<xml xmlns="http://www.w3.org/1999/xhtml" collection="true">
  <block type="procedures_defnoreturn" id="#%p[Gr=LCU7Fn}Ann-;]">
    <field name="NAME">initVars</field>
    <comment pinned="false" h="80" w="160">Describe this function...</comment>
    <statement name="STACK">
      <block type="variables_set" id="cN_X-dMc{I/]/~b*|:P5">
        <field name="VAR">LastDigitStatsList</field>
        <value name="VALUE">
          <block type="lists_repeat" id="Q;6Eb4gj+0YV6w52^*5F">
            <value name="ITEM">
              <block type="math_number" id=":4@ofT:7iJT8-]{(vw8i">
                <field name="NUM">0</field>
              </block>
            </value>
            <value name="NUM">
              <shadow type="math_number" id="]]s!5rQ.I/Bp}.H/)y#D">
                <field name="NUM">5</field>
              </shadow>
              <block type="math_number" id="/sOS@2uVrwP($gc)BA}d">
                <field name="NUM">9</field>
              </block>
            </value>
          </block>
        </value>
        <next>
          <block type="variables_set" id="x6EF4XSBC?(w!w2S[e]H">
            <field name="VAR">fractionPartLength</field>
            <value name="VALUE">
              <block type="math_number" id="?{V?8.TBVPvZT@CQA04a">
                <field name="NUM">3</field>
              </block>
            </value>
            <next>
              <block type="variables_set" id="$zQ++S,Zc%@BR%D0Q%:h">
                <field name="VAR">fractionDelemiter</field>
                <value name="VALUE">
                  <block type="text" id="O+InE.lF]J6)#a6QOk{5">
                    <field name="TEXT">.</field>
                  </block>
                </value>
                <next>
                  <block type="variables_set" id="=[OxP}gw~UK@w02T4VWX">
                    <field name="VAR">amountOfTicksToCheck</field>
                    <value name="VALUE">
                      <block type="math_number" id="U0K=J?Gf2~80B:atAF(K">
                        <field name="NUM">50</field>
                      </block>
                    </value>
                  </block>
                </next>
              </block>
            </next>
          </block>
        </next>
      </block>
    </statement>
  </block>
</xml>